"ages","sex","mean_wage"
"10대","남자",98.3986420950533
"10대","여자",86.4608076009501
"20대","남자",196.497008471062
"20대","여자",174.012866673727
"30대","남자",289.560825769316
"30대","여자",210.878273561301
"40대","남자",336.761347308915
"40대","여자",196.896606773931
"50대","남자",330.845971040124
"50대","여자",173.606412441415
"60대","남자",210.886327043215
"60대","여자",112.671696637998
"70대 이상","남자",98.6981562440601
"70대 이상","여자",44.3207738019977
